{
  "outer_fold": 3,
  "n_valid": 10203,
  "n_positive": 328,
  "best_f1": 0.3469387755102041,
  "best_threshold": 0.18,
  "precision": 0.2982456140350877,
  "recall": 0.4146341463414634,
  "auc_roc": 0.8996972831120716,
  "average_precision": 0.2913076848392143,
  "selection_threshold": 0.18,
  "elapsed_s": 247.0
}
