{
  "outer_fold": 0,
  "n_valid": 10204,
  "n_positive": 328,
  "best_f1": 0.3684913217623498,
  "best_threshold": 0.15,
  "precision": 0.32779097387173395,
  "recall": 0.42073170731707316,
  "auc_roc": 0.8816515338983888,
  "average_precision": 0.295245110990958,
  "selection_threshold": 0.15,
  "elapsed_s": 3168.3
}
