{
  "fold_metrics": [
    {
      "outer_fold": 0,
      "threshold": 0.2077,
      "precision": 0.3711340206185567,
      "recall": 0.43902439024390244,
      "f1": 0.4022346368715084,
      "fpr": 0.024706358849736737,
      "average_precision": 0.310570346391739,
      "brier_score": 0.025531585380598753,
      "ece": 0.004727562575498125,
      "confusion_matrix": {
        "tn": 9632,
        "fp": 244,
        "fn": 184,
        "tp": 144
      }
    },
    {
      "outer_fold": 1,
      "threshold": 0.18,
      "precision": 0.32494279176201374,
      "recall": 0.4329268292682927,
      "f1": 0.3712418300653595,
      "fpr": 0.029870392871607938,
      "average_precision": 0.3243948693665545,
      "brier_score": 0.025359822365812277,
      "ece": 0.004875312777770024,
      "confusion_matrix": {
        "tn": 9581,
        "fp": 295,
        "fn": 186,
        "tp": 142
      }
    }
  ],
  "mean_f1": 0.38673823346843395,
  "mean_ap": 0.3174826078791467
}