{
  "frozen_catboost_params": {
    "iterations": 1200,
    "depth": 5,
    "learning_rate": 0.037647189513935427,
    "l2_leaf_reg": 2.597089614814559,
    "border_count": 64,
    "random_strength": 0.8495452568635251,
    "bagging_temperature": 1.3270275178113875,
    "min_data_in_leaf": 60,
    "max_class_weight": 7.364605267632683
  },
  "frozen_lightgbm_params": {
    "n_estimators": 700,
    "learning_rate": 0.061848298636418164,
    "num_leaves": 38,
    "subsample": 0.8454020905192599,
    "colsample_bytree": 0.5949555815942549,
    "min_child_samples": 34,
    "reg_alpha": 0.391183619017048,
    "reg_lambda": 0.5829401059406771
  },
  "frozen_xgboost_params": {
    "n_estimators": 1500,
    "max_depth": 7,
    "learning_rate": 0.05,
    "subsample": 0.8,
    "colsample_bytree": 0.8,
    "reg_alpha": 0.1,
    "reg_lambda": 5.0,
    "min_child_weight": 5.0
  },
  "honest_threshold": 0.1735,
  "honest_fold_thresholds": [
    0.1466,
    0.1735,
    0.2,
    0.13,
    0.18
  ],
  "metrics": {
    "precision": 0.33637236084452976,
    "recall": 0.4274390243902439,
    "f1": 0.37647690655209454,
    "fpr": 0.028008992040828726,
    "average_precision": 0.31941027317402537,
    "brier_score": 0.025584702618132813,
    "ece": 0.0006385451841356606,
    "confusion_matrix": {
      "tn": 47994,
      "fp": 1383,
      "fn": 939,
      "tp": 701
    }
  },
  "rows": 51017,
  "positives": 1640
}